Datetime,Water Level (m)
2025-03-29 12:00:00,0.5461469
2025-03-29 13:00:00,0.45220402
2025-03-29 14:00:00,0.29854527
2025-03-29 15:00:00,0.13303727
2025-03-29 16:00:00,-0.037077382
2025-03-29 17:00:00,-0.1987474
2025-03-29 18:00:00,-0.27265328
2025-03-29 19:00:00,-0.20115228
2025-03-29 20:00:00,0.0010229364
2025-03-29 21:00:00,0.25939536
2025-03-29 22:00:00,0.49215508
2025-03-29 23:00:00,0.61543447
2025-03-30 00:00:00,0.6185653
2025-03-30 01:00:00,0.5237492
2025-03-30 02:00:00,0.3786728
2025-03-30 03:00:00,0.2184038
2025-03-30 04:00:00,0.042718124
2025-03-30 05:00:00,-0.13159485
2025-03-30 06:00:00,-0.2711311
2025-03-30 07:00:00,-0.25424623
2025-03-30 08:00:00,-0.11048921
2025-03-30 09:00:00,0.15619145
2025-03-30 10:00:00,0.42921215
2025-03-30 11:00:00,0.611628
2025-03-30 12:00:00,0.6705487
2025-03-30 13:00:00,0.62166077
2025-03-30 14:00:00,0.49230924
2025-03-30 15:00:00,0.33625484
2025-03-30 16:00:00,0.16641255
2025-03-30 17:00:00,-0.012368333
2025-03-30 18:00:00,-0.17565823
2025-03-30 19:00:00,-0.21860814
2025-03-30 20:00:00,-0.11840113
2025-03-30 21:00:00,0.10669227
2025-03-30 22:00:00,0.37187958
2025-03-30 23:00:00,0.556922
2025-03-31 00:00:00,0.61365753
2025-03-31 01:00:00,0.5712008
2025-03-31 02:00:00,0.44273332
2025-03-31 03:00:00,0.29104495
2025-03-31 04:00:00,0.1269114
2025-03-31 05:00:00,-0.045591954
2025-03-31 06:00:00,-0.21195197
2025-03-31 07:00:00,-0.312303
2025-03-31 08:00:00,-0.2412518
2025-03-31 09:00:00,-0.042903848
2025-03-31 10:00:00,0.24574877
2025-03-31 11:00:00,0.5144852
2025-03-31 12:00:00,0.67103547
2025-03-31 13:00:00,0.70269287
2025-03-31 14:00:00,0.617938
2025-03-31 15:00:00,0.4728199
2025-03-31 16:00:00,0.3091183
2025-03-31 17:00:00,0.13541263
2025-03-31 18:00:00,-0.04315452
2025-03-31 19:00:00,-0.18116793
2025-03-31 20:00:00,-0.15933028
2025-03-31 21:00:00,-0.025215898
2025-03-31 22:00:00,0.21647389
2025-03-31 23:00:00,0.44961494
2025-04-01 00:00:00,0.58078456
2025-04-01 01:00:00,0.59488344
2025-04-01 02:00:00,0.516404
2025-04-01 03:00:00,0.3788346
2025-04-01 04:00:00,0.2260041
2025-04-01 05:00:00,0.05986122
2025-04-01 06:00:00,-0.10881905
2025-04-01 07:00:00,-0.25475913
2025-04-01 08:00:00,-0.27734095
2025-04-01 09:00:00,-0.16455594
2025-04-01 10:00:00,0.08007263
2025-04-01 11:00:00,0.3610195
2025-04-01 12:00:00,0.57433033
2025-04-01 13:00:00,0.68021035
2025-04-01 14:00:00,0.6689877
2025-04-01 15:00:00,0.5612432
2025-04-01 16:00:00,0.41412327
2025-04-01 17:00:00,0.2522569
2025-04-01 18:00:00,0.07775551
2025-04-01 19:00:00,-0.087772705
2025-04-01 20:00:00,-0.1709689
2025-04-01 21:00:00,-0.10958082
2025-04-01 22:00:00,0.059021313
2025-04-01 23:00:00,0.28667116
2025-04-02 00:00:00,0.46552086
2025-04-02 01:00:00,0.53238994
2025-04-02 02:00:00,0.50518054
2025-04-02 03:00:00,0.39565992
2025-04-02 04:00:00,0.26045018
2025-04-02 05:00:00,0.10493161
2025-04-02 06:00:00,-0.052369248
2025-04-02 07:00:00,-0.20935692
2025-04-02 08:00:00,-0.3160722
2025-04-02 09:00:00,-0.27524158
2025-04-02 10:00:00,-0.12427041
2025-04-02 11:00:00,0.12346675
2025-04-02 12:00:00,0.3664099
2025-04-02 13:00:00,0.5320247
2025-04-02 14:00:00,0.5956404
2025-04-02 15:00:00,0.5567321
2025-04-02 16:00:00,0.4421326
2025-04-02 17:00:00,0.29770082
2025-04-02 18:00:00,0.14170226
2025-04-02 19:00:00,-0.021953432
2025-04-02 20:00:00,-0.16637869
2025-04-02 21:00:00,-0.20133026
2025-04-02 22:00:00,-0.13097593
2025-04-02 23:00:00,0.031596012
2025-04-03 00:00:00,0.2118236
2025-04-03 01:00:00,0.33271837
2025-04-03 02:00:00,0.3581251
2025-04-03 03:00:00,0.31152445
2025-04-03 04:00:00,0.19514067
2025-04-03 05:00:00,0.07280258
2025-04-03 06:00:00,-0.061777283
2025-04-03 07:00:00,-0.20605923
2025-04-03 08:00:00,-0.3361677
2025-04-03 09:00:00,-0.376838
2025-04-03 10:00:00,-0.29762036
2025-04-03 11:00:00,-0.107560195
2025-04-03 12:00:00,0.11878632
2025-04-03 13:00:00,0.3190695
2025-04-03 14:00:00,0.45253736
2025-04-03 15:00:00,0.49144572
2025-04-03 16:00:00,0.44517523
2025-04-03 17:00:00,0.33403865
2025-04-03 18:00:00,0.19590464
2025-04-03 19:00:00,0.057595756
2025-04-03 20:00:00,-0.08321814
2025-04-03 21:00:00,-0.18063109
2025-04-03 22:00:00,-0.16763435
2025-04-03 23:00:00,-0.077005096
2025-04-04 00:00:00,0.059666738
2025-04-04 01:00:00,0.17524959
2025-04-04 02:00:00,0.23173466
2025-04-04 03:00:00,0.22819161
2025-04-04 04:00:00,0.1678785
2025-04-04 05:00:00,0.07402103
2025-04-04 06:00:00,-0.035481624
2025-04-04 07:00:00,-0.15335116
2025-04-04 08:00:00,-0.272064
2025-04-04 09:00:00,-0.36341235
2025-04-04 10:00:00,-0.34858206
2025-04-04 11:00:00,-0.24570377
2025-04-04 12:00:00,-0.06498419
